[
    { 
        "id":1,
        "title": "سلام و احوال پرسی"
    },


    {
        "id":2,
        "title": "سوال درباره موجود بودن جنس"
    },
    {
        "id":3,
        "title": "سوال درباره قیمت جنس"
    },
    {
        "id":4,
        "title": "درخواست جنس"
    },
    {
        "id":5,
        "title": "گفتن تعداد جنس"
    },


    {
        "id":6,
        "title": "درخواست جنس و گفتن تعداد جنس"
    },
    

    {
        "id":7,
        "title":"درخواست قیمت کل"
    },
    {
        "id":8,
        "title":"خداحافظی و حساب کتاب"
    }
]