[
    {
        "id":1,
        "name":"ماکارانی",
        "price":34000,
        "exist":true
    },
    {
        "id":2,
        "name":"روغن",
        "price":150600,
        "exist":true
    },
    {
        "id":3,
        "name":"های بای",
        "price":7500,
        "exist":true
    },
    {
        "id":4,
        "name":"پوشک بچه",
        "price":12000,
        "exist":true
    },
    {
        "id":5,
        "name":"بیسکوییت ساقه طلایی",
        "price":12000,
        "exist":true
    },
    {
        "id":6,
        "name":"سیگار وینستون لایت",
        "price":40200,
        "exist":true
    },
    {
        "id":7,
        "name":"خمیر دندان نسیم",
        "price":15000,
        "exist":true
    },
    {
        "id":8,
        "name":"چیبس",
        "price":10500,
        "exist":true
    },
    {
        "id":9,
        "name":"پفک",
        "price":10500,
        "exist":true
    },
    {
        "id":10,
        "name":"کرانچی",
        "price":12300,
        "exist":true
    },
    {
        "comment1":"############################################",
        "comment2":"############################################",
        "id":11,
        "name":"سوسیس",
        "price":4000,
        "exist":false
    },
    {
        "id":12,
        "name":"کالباس",
        "price":4000,
        "exist":false
    },
    {
        "id":13,
        "name":"نوشابه",
        "price":4000,
        "exist":false
    },
    {
        "id":14,
        "name":"کیک کاکایویی",
        "price":4000,
        "exist":false
    },
    {
        "id":15,
        "name":"تیتاب",
        "price":4000,
        "exist":false
    },
    {
        "id":16,
        "name":"رب گوجه فرنگی",
        "price":4000,
        "exist":false
    },
    {
        "id":17,
        "name":"سس مایونز",
        "price":4000,
        "exist":false
    },
    {
        "id":18,
        "name":"کره محلی",
        "price":4000,
        "exist":false
    },
    {
        "id":19,
        "name":"شکلات",
        "price":4000,
        "exist":false
    },
    {
        "id":20,
        "name":"نسکافه",
        "price":4000,
        "exist":false
    },
    {
        "id":21,
        "name":"پنیر پیتزا",
        "price":4000,
        "exist":false
    },
    {
        "id":22,
        "name":"الویه",
        "price":4000,
        "exist":false
    },
    {
        "id":23,
        "name":"بستنی",
        "price":4000,
        "exist":false
    },
    {
        "id":24,
        "name":"نان باگت",
        "price":4000,
        "exist":false
    },
    {
        "id":25,
        "name":"کره بادام زمینی",
        "price":4000,
        "exist":false
    },
    {
        "id":26,
        "name":"پودر لباس شویی ماشینی",
        "price":4000,
        "exist":false
    },
    {
        "id":27,
        "name":"پودر لباس شویی دستی",
        "price":4000,
        "exist":false
    },
    {
        "id":28,
        "name":"وایتکس",
        "price":4000,
        "exist":false
    },
    {
        "id":29,
        "name":"صابون",
        "price":4000,
        "exist":false
    },
    {
        "id":30,
        "name":"تیغ",
        "price":4000,
        "exist":false
    },
    {
        "id":31,
        "name":"ژیلت",
        "price":4000,
        "exist":false
    },
    {
        "id":32,
        "name":"دلستر",
        "price":4000,
        "exist":false
    },
    {
        "id":33,
        "name":"آدامس",
        "price":4000,
        "exist":false
    },
    {
        "id":34,
        "name":"آب معدنی",
        "price":4000,
        "exist":false
    },
    {
        "id":35,
        "name":"تخمه",
        "price":4000,
        "exist":false
    },
    {
        "id":36,
        "name":"اجیل",
        "price":4000,
        "exist":false
    },
    {
        "id":37,
        "name":"مگنا قرمز",
        "price":4000,
        "exist":false
    },
    {
        "id":38,
        "name":"ریکا",
        "price":4000,
        "exist":false
    },
    {
        "id":39,
        "name":"تن ماهی",
        "price":4000,
        "exist":false
    },
    {
        "id":40,
        "name":"مرغ",
        "price":4000,
        "exist":false
    },
    {
        "id":41,
        "name":"گوشت",
        "price":4000,
        "exist":false
    },
    {
        "id":42,
        "name":"خربزه مشهدی",
        "price":4000,
        "exist":false
    },
    {
        "id":43,
        "name":"الکل",
        "price":4000,
        "exist":false
    },
    {
        "id":44,
        "name":"تخم مرغ",
        "price":4000,
        "exist":false
    },
    {
        "id":45,
        "name":"شیر",
        "price":4000,
        "exist":false
    },
    {
        "id":46,
        "name":"ماست",
        "price":4000,
        "exist":false
    },
    {
        "id":47,
        "name":"خامه",
        "price":4000,
        "exist":false
    },
    {
        "id":48,
        "name":"پنیر",
        "price":4000,
        "exist":false
    }
]